{
  "injections": {
    "__dataframe__": true,
    "content": {
      "luminosity_distance": [
        619.9523490756053,
        119.36004000371302,
        135.03658790413897,
        773.707383256124,
        991.8513976202414,
        144.21805051527082,
        163.4765061670036,
        200.59937497437218,
        978.3431424905145,
        371.81125159058126
      ],
      "KNphi": [
        25.974570856271605,
        46.849469781508716,
        24.20555022136026,
        30.72733360381779,
        59.76712262138827,
        48.75711392356181,
        27.092309869884193,
        22.353081534419204,
        43.534714153580424,
        69.87092215215267
      ],
      "inclination_EM": [
        0.8533620196947453,
        1.2251395975044768,
        1.5232166948354988,
        0.7250454765137515,
        1.419255355624551,
        1.2482693815472765,
        1.335840905516142,
        0.939930990986736,
        0.6761349476169664,
        0.5559261532792024
      ],
      "KNtimeshift": [
        -0.19160288555643978,
        -1.5789224614800603,
        0.5646642976988354,
        -1.3318286443337861,
        -0.6490709193967261,
        -0.3024118514649441,
        0.9946666651742673,
        -1.368666497392748,
        0.8496872558337953,
        0.5364763415308289
      ],
      "log10_mej_dyn": [
        -1.913490622543355,
        -1.623086787542027,
        -2.33833320142094,
        -1.9443941521088097,
        -2.8293360047498486,
        -1.5572928175884835,
        -1.677116452609043,
        -2.9259954752932265,
        -2.174187387619705,
        -1.8819303677224697
      ],
      "log10_mej_wind": [
        -1.2145446911393138,
        -1.6189013671717212,
        -2.416151671830535,
        -2.0527068902460517,
        -1.700639505538986,
        -2.7499792558320424,
        -2.899410459695202,
        -1.7293323984546087,
        -1.9343891239992577,
        -1.2626657244676425
      ],
      "geocent_time": [
        0.020352369833155026,
        0.024428145250800906,
        -0.0903279376723145,
        -0.07989894026296017,
        0.00772079626331848,
        0.06822350488845039,
        -0.09396271949470583,
        0.017541082531098012,
        -0.052931850690838105,
        -0.07642932141817466
      ]
    }
  }
}